"num_muestra","opc","LI","LS"
"1","OPINION_SI","95.3755621604336","98.2535925787252"
"1","OPINION_NO","1.3614088349974","1.80870713543567"
"1","NULOS","0.158149717135946","3.0425795732722"
"1","PART","6.91873303391003","7.40239012343047"
"2","OPINION_SI","97.4212061169449","97.9722143766296"
"2","OPINION_NO","1.41881572534056","1.88298632398566"
"2","NULOS","0.557235383721832","0.747542073377385"
"2","PART","6.74043899721104","7.07177879919189"
"3","OPINION_SI","97.6678137142221","97.9368333516314"
"3","OPINION_NO","1.46331020136384","1.63266889360894"
"3","NULOS","0.561224290636149","0.738149548537577"
"3","PART","7.11474451592037","7.493272637283"
"4","OPINION_SI","97.4726113292022","97.9010328783291"
"4","OPINION_NO","1.46736434830726","1.65836743971622"
"4","NULOS","0.583222226994105","0.917401777451089"
"4","PART","6.86650672622407","7.26716675675536"
"5","OPINION_SI","97.7282405233903","97.9518854336638"
"5","OPINION_NO","1.47535516487417","1.64327003085383"
"5","NULOS","0.548525281341622","0.652723565876293"
"5","PART","6.90943712733921","7.22807286277761"
"6","OPINION_SI","97.3864167648048","97.983640652407"
"6","OPINION_NO","1.42546777456221","1.5814142421171"
"6","NULOS","0.526820713956934","1.09623985215194"
"6","PART","6.91344477983966","7.29697565083592"
"7","OPINION_SI","97.7884074601023","98.0300347669143"
"7","OPINION_NO","1.39586821702128","1.55996621476856"
"7","NULOS","0.541232809477911","0.684490531715629"
"7","PART","6.97063933310509","7.45302503156771"
"8","OPINION_SI","97.3535146807745","97.9590300086433"
"8","OPINION_NO","1.49204675847029","1.70037412801832"
"8","NULOS","0.458893643920125","1.03614078017348"
"8","PART","6.81942125982543","7.15326488477933"
"9","OPINION_SI","97.507328172953","97.9553379048787"
"9","OPINION_NO","1.48671474160612","1.83438331158097"
"9","NULOS","0.525473678937806","0.69076219004347"
"9","PART","7.04229893338544","7.48353171511395"
"10","OPINION_SI","97.6203322610095","98.0458755640582"
"10","OPINION_NO","1.43008112763194","1.58616805968056"
"10","NULOS","0.4645743341168","0.852968653503113"
"10","PART","6.84333938730669","7.18261845702642"
"11","OPINION_SI","97.7994593433734","98.0291278668925"
"11","OPINION_NO","1.4205712712756","1.59792086560139"
"11","NULOS","0.521519751380124","0.631400901477026"
"11","PART","7.00086335497231","7.41862097715485"
"12","OPINION_SI","97.3771802965608","97.9407451467509"
"12","OPINION_NO","1.40137802597356","1.72749761464368"
"12","NULOS","0.548451348658428","1.00474756741259"
"12","PART","6.94722824319095","7.35841979644216"
"13","OPINION_SI","97.4153998852276","97.9061832330137"
"13","OPINION_NO","1.4679141296712","1.81276817136626"
"13","NULOS","0.531745977008649","0.865988603712523"
"13","PART","6.95214571183894","7.30425802754437"
"14","OPINION_SI","97.4019712712959","97.9987329830985"
"14","OPINION_NO","1.4509951761074","1.65210472170089"
"14","NULOS","0.472207277966658","1.0239885698307"
"14","PART","6.9391963336574","7.33944679809821"
"15","OPINION_SI","97.4594635729424","98.0287404532149"
"15","OPINION_NO","1.44091632960796","1.60553375897049"
"15","NULOS","0.466465251743339","0.998880633520951"
"15","PART","6.94567372180036","7.33647923375574"
"16","OPINION_SI","97.510014485255","98.0345690006189"
"16","OPINION_NO","1.40446566667887","1.86594673416135"
"16","NULOS","0.533770850294002","0.651233262991908"
"16","PART","6.83593645463696","7.16947358582096"
"17","OPINION_SI","97.5063003929947","97.9542664523158"
"17","OPINION_NO","1.43193084660743","1.58598732061025"
"17","NULOS","0.554529117839175","0.966985869632645"
"17","PART","6.8929439262201","7.32339606779634"
"18","OPINION_SI","96.1949977291309","97.9354872229493"
"18","OPINION_NO","1.49626731831827","2.00688295173963"
"18","NULOS","0.338697263586431","2.02766751427548"
"18","PART","7.10424721118593","7.5437892819925"
"19","OPINION_SI","97.6515941303237","97.9428471357059"
"19","OPINION_NO","1.51472588510435","1.76081678588143"
"19","NULOS","0.511394932125318","0.61862113085922"
"19","PART","6.78320588761112","7.14607929922028"
"20","OPINION_SI","97.7091003033732","98.0306329122491"
"20","OPINION_NO","1.43287285483567","1.72985476873431"
"20","NULOS","0.504511742554516","0.593027418253192"
"20","PART","6.95932618009033","7.29539131634342"
"21","OPINION_SI","97.8269166144263","98.0768602902368"
"21","OPINION_NO","1.38969330778744","1.53792477511009"
"21","NULOS","0.490669398848197","0.677935613591181"
"21","PART","6.8081826863849","7.18033792564328"
"22","OPINION_SI","97.4972792014891","97.8520247461243"
"22","OPINION_NO","1.51726701164966","1.72335081985885"
"22","NULOS","0.57594699606474","0.834131224813381"
"22","PART","6.96932687403546","7.4056797854564"
"23","OPINION_SI","97.7896121916706","98.0454979965342"
"23","OPINION_NO","1.38291106105771","1.56555802170727"
"23","NULOS","0.52832147933762","0.688099249692583"
"23","PART","7.11622969393326","7.5305118164022"
"24","OPINION_SI","97.7541126042013","97.9798628172995"
"24","OPINION_NO","1.42517897444658","1.59322287900314"
"24","NULOS","0.569366784261352","0.678255940788077"
"24","PART","6.93243581744754","7.36070528734269"
"25","OPINION_SI","97.5242283596635","97.9286613610951"
"25","OPINION_NO","1.46259547938712","1.64158471990324"
"25","NULOS","0.548647482514559","0.894282597436506"
"25","PART","6.91886514322586","7.36947630349195"
"26","OPINION_SI","97.4882128670719","97.9699788776558"
"26","OPINION_NO","1.44438392495034","1.62390232427306"
"26","NULOS","0.516068794916429","0.957453211132434"
"26","PART","6.94758927577365","7.35355973683251"
"27","OPINION_SI","97.6438943587756","97.9716615522208"
"27","OPINION_NO","1.44961274610483","1.65182214483639"
"27","NULOS","0.53715271598819","0.745856482074214"
"27","PART","7.08305358891506","7.47834689665652"
"28","OPINION_SI","95.6460500825668","98.4528359976326"
"28","OPINION_NO","1.4251940556324","1.65013604898351"
"28","NULOS","0","2.82940001184197"
"28","PART","6.87945764872523","7.33100071953551"
"29","OPINION_SI","97.6741213135344","98.0039394380752"
"29","OPINION_NO","1.42822286411567","1.63366500316559"
"29","NULOS","0.515617388656389","0.744433992452794"
"29","PART","7.04215333825321","7.43645923351561"
"30","OPINION_SI","97.4208547041587","97.9004646762149"
"30","OPINION_NO","1.46948404033613","1.66104767349675"
"30","NULOS","0.557816555529466","0.990332350264019"
"30","PART","6.86572751641046","7.16963746429491"
"31","OPINION_SI","97.7806324348577","98.0149639307646"
"31","OPINION_NO","1.46915590975416","1.65145184265674"
"31","NULOS","0.482220058735337","0.601575823231514"
"31","PART","6.93891406513896","7.32127922281148"
"32","OPINION_SI","97.5094476143008","97.9238358058051"
"32","OPINION_NO","1.43982897917575","1.77064173199653"
"32","NULOS","0.559528497474419","0.796717371247467"
"32","PART","6.81604160649395","7.21602885004603"
"33","OPINION_SI","97.4837911214098","98.014168851422"
"33","OPINION_NO","1.39243366915761","1.8491780577656"
"33","NULOS","0.55303377212954","0.707394528115451"
"33","PART","6.90183143970707","7.31391369130007"
"34","OPINION_SI","97.8629413557839","98.0672446334879"
"34","OPINION_NO","1.39276211241821","1.54442133720206"
"34","NULOS","0.515339174901378","0.617291386206544"
"34","PART","6.79036136627302","7.09943183955319"
"35","OPINION_SI","97.8612866581779","98.0880380275775"
"35","OPINION_NO","1.41296404673479","1.60181546918129"
"35","NULOS","0.477562826930741","0.558332971397732"
"35","PART","6.99343345839505","7.46615786346936"
"36","OPINION_SI","97.7653756472917","98.0251079114743"
"36","OPINION_NO","1.41155677199734","1.62050681561303"
"36","NULOS","0.534248952872596","0.64320390075102"
"36","PART","6.911366086904","7.32884903090746"
"37","OPINION_SI","97.4730516323284","97.946227151423"
"37","OPINION_NO","1.43950236201521","1.63552307943869"
"37","NULOS","0.544243493019603","0.961452281775084"
"37","PART","7.05773404962442","7.46298056918168"
"38","OPINION_SI","97.5708262967285","97.9155231592042"
"38","OPINION_NO","1.47740167058197","1.64827636713008"
"38","NULOS","0.553105170062922","0.834867336292349"
"38","PART","6.80416516411201","7.16601202968635"
"39","OPINION_SI","97.6965729910764","98.063700587894"
"39","OPINION_NO","1.42752964204994","1.58119781563282"
"39","NULOS","0.451890191174282","0.779108772172518"
"39","PART","6.8366034117529","7.20473270000766"
"40","OPINION_SI","97.4975341319904","97.9011331868962"
"40","OPINION_NO","1.4886417027096","1.85720150284425"
"40","NULOS","0.571661089567481","0.683828385992096"
"40","PART","6.85430701941582","7.2157616521414"
"41","OPINION_SI","97.7694973782185","98.0026451270041"
"41","OPINION_NO","1.41894775732636","1.60121856373799"
"41","NULOS","0.541186917500967","0.66650425621206"
"41","PART","6.95129713355207","7.33045402871032"
"42","OPINION_SI","97.6688460414091","97.9462598588146"
"42","OPINION_NO","1.44600845853676","1.65077318455564"
"42","NULOS","0.564993220794544","0.723119235889329"
"42","PART","6.91594938391179","7.35105814980856"
"43","OPINION_SI","96.4084908451428","98.1846687887135"
"43","OPINION_NO","1.47515180982914","1.62382533102667"
"43","NULOS","0.254833262676037","2.05302996261189"
"43","PART","6.83654239930973","7.22539518906218"
"44","OPINION_SI","97.6181062366883","97.8932085929135"
"44","OPINION_NO","1.49996570586995","1.70384900867409"
"44","NULOS","0.577166184541147","0.707704271313022"
"44","PART","6.98560585348995","7.33592974893976"
"45","OPINION_SI","97.6721654397503","98.0359762275146"
"45","OPINION_NO","1.45509358264061","1.61693513122931"
"45","NULOS","0.450870442214242","0.768959176650933"
"45","PART","6.86783228878646","7.18017828411521"
"46","OPINION_SI","95.4037480313059","98.6411505533258"
"46","OPINION_NO","1.40264749429","1.60682885213024"
"46","NULOS","0","3.11497668325187"
"46","PART","6.76940131773451","7.20049646099549"
"47","OPINION_SI","97.3410945616684","97.934272576639"
"47","OPINION_NO","1.52323450089798","1.70814943324194"
"47","NULOS","0.472714546138101","1.02053438141455"
"47","PART","6.77029051421228","7.0818222546692"
"48","OPINION_SI","95.8111951904859","98.5778639881162"
"48","OPINION_NO","1.41007377772926","1.58438996399074"
"48","NULOS","0","2.7093699480997"
"48","PART","6.96871271485639","7.38136121256303"
"49","OPINION_SI","97.6932135216837","97.9462890260512"
"49","OPINION_NO","1.47573144377345","1.63860495684097"
"49","NULOS","0.538338948959689","0.707822102691035"
"49","PART","6.87433324264261","7.25446421610172"
"50","OPINION_SI","97.6496109485274","97.9739473785461"
"50","OPINION_NO","1.4240269545411","1.57666313611758"
"50","NULOS","0.555174663529464","0.82057691873841"
"50","PART","7.09766215196675","7.52184480793044"
"51","OPINION_SI","97.5313310662749","97.9503357042219"
"51","OPINION_NO","1.42634873784401","1.64625280382232"
"51","NULOS","0.550300819605943","0.895430868230909"
"51","PART","6.91031137568051","7.28766930052981"
"52","OPINION_SI","97.5119712259234","97.8915924957097"
"52","OPINION_NO","1.50644916622433","1.739728263969"
"52","NULOS","0.584135144909199","0.766123703264395"
"52","PART","6.89080397947101","7.27480518451307"
"53","OPINION_SI","97.5894559092096","97.9566552501941"
"53","OPINION_NO","1.45293244033937","1.65651614220221"
"53","NULOS","0.538862360592283","0.805577897462464"
"53","PART","6.98963445547456","7.46152749175253"
"54","OPINION_SI","97.5176721748868","98.0994643523115"
"54","OPINION_NO","1.34280412472935","1.49474247880223"
"54","NULOS","0.498369010537371","1.04694785873269"
"54","PART","7.01347477257134","7.46514329420451"
"55","OPINION_SI","97.3607670761342","97.9641273783435"
"55","OPINION_NO","1.4725110352069","1.68320796120708"
"55","NULOS","0.480054851372977","1.03933169773531"
"55","PART","6.92433220781793","7.33293856420843"
"56","OPINION_SI","97.0094255993318","97.8217830888291"
"56","OPINION_NO","1.49551073825943","1.74422892839339"
"56","NULOS","0.571946142734634","1.35710550245164"
"56","PART","6.92168862919257","7.33049376530229"
"57","OPINION_SI","97.6015536709547","98.0412134112939"
"57","OPINION_NO","1.42924717446046","1.57654143068896"
"57","NULOS","0.469092769578392","0.882351543023621"
"57","PART","6.99119167192131","7.3488169460552"
"58","OPINION_SI","97.4561847988316","97.909560094429"
"58","OPINION_NO","1.47048821562486","1.692350930667"
"58","NULOS","0.542128915277913","0.929287045169647"
"58","PART","6.99262583996077","7.4207567467683"
"59","OPINION_SI","97.7401521746642","98.003264743451"
"59","OPINION_NO","1.40014667916634","1.57552312450243"
"59","NULOS","0.562658061648094","0.71825521656798"
"59","PART","6.99726545114426","7.40716796114297"
"60","OPINION_SI","97.6474141925973","98.0957970765045"
"60","OPINION_NO","1.37177007945477","1.57814744011956"
"60","NULOS","0.461034131455463","0.845837079868481"
"60","PART","7.04598527348985","7.51595047645769"
"61","OPINION_SI","95.3412809355236","98.5065331196541"
"61","OPINION_NO","1.4476092618205","1.68717108885464"
"61","NULOS","0","3.11079969391202"
"61","PART","6.90468892966007","7.37046009613255"
"62","OPINION_SI","97.2861416497605","97.8926130160884"
"62","OPINION_NO","1.46647025627865","1.6912679755858"
"62","NULOS","0.547774382832591","1.11573271945407"
"62","PART","6.88806490928983","7.2218456504139"
"63","OPINION_SI","97.6134048820099","97.9682620657009"
"63","OPINION_NO","1.42329751988112","1.5957050517295"
"63","NULOS","0.548414223133493","0.850916257545161"
"63","PART","6.90213961645367","7.2338287966387"
"64","OPINION_SI","97.4727965049444","97.9875493423408"
"64","OPINION_NO","1.40674552229021","1.8403565360679"
"64","NULOS","0.505323378633425","0.787228715723295"
"64","PART","6.81230823182619","7.19006209725401"
"65","OPINION_SI","97.6177233553014","97.9183363322866"
"65","OPINION_NO","1.47427849605992","1.66203846016493"
"65","NULOS","0.559043244032695","0.768580112154451"
"65","PART","7.0533432461539","7.47198037910457"
"66","OPINION_SI","97.5459536229337","97.9314551389065"
"66","OPINION_NO","1.47038804292987","1.82139238763939"
"66","NULOS","0.555950823604686","0.674859983985894"
"66","PART","6.87943696141228","7.21006482847653"
"67","OPINION_SI","97.5596420748361","98.0129475255516"
"67","OPINION_NO","1.41693454348379","1.7435614131105"
"67","NULOS","0.484273715460247","0.782640727557794"
"67","PART","6.85636483018091","7.27554667689575"
"68","OPINION_SI","97.5002285581179","97.9590424943048"
"68","OPINION_NO","1.4387401080888","1.59334473349636"
"68","NULOS","0.538322512819199","0.970321593172946"
"68","PART","6.96965625468452","7.32330952918523"
"69","OPINION_SI","97.7048478011063","98.0007769234492"
"69","OPINION_NO","1.45963875899646","1.67753842409726"
"69","NULOS","0.485318697821727","0.671879394528986"
"69","PART","6.97437835321673","7.34649436866486"
"70","OPINION_SI","97.6862001623288","98.0227221521355"
"70","OPINION_NO","1.39713143623503","1.56127601090511"
"70","NULOS","0.530262815884072","0.802407422511478"
"70","PART","6.90562725987663","7.28212513497305"
"71","OPINION_SI","97.4703901412582","98.0666710158432"
"71","OPINION_NO","1.4263631006308","1.58754419137396"
"71","NULOS","0.443704399719658","1.00532715117414"
"71","PART","6.91106737989271","7.2607193651902"
"72","OPINION_SI","97.8172714259855","98.0278561552011"
"72","OPINION_NO","1.39914751140209","1.5607019069167"
"72","NULOS","0.544377921185036","0.650645079309652"
"72","PART","6.97548228338261","7.33664162956343"
"73","OPINION_SI","97.6218851481067","97.915252694496"
"73","OPINION_NO","1.45789131829071","1.62234412796758"
"73","NULOS","0.58069228110127","0.801934430037777"
"73","PART","7.11992916317111","7.5194209423715"
"74","OPINION_SI","97.7374101933081","98.022453476403"
"74","OPINION_NO","1.39915934171225","1.56935303105805"
"74","NULOS","0.527568454298084","0.744055503220564"
"74","PART","7.04234168956349","7.44820410458218"
"75","OPINION_SI","97.7795746660419","98.0118665615308"
"75","OPINION_NO","1.39021904943941","1.56643176790676"
"75","NULOS","0.567774083218086","0.684133871863066"
"75","PART","6.8827908370591","7.26395617799547"
"76","OPINION_SI","97.8264757102534","98.0387199377075"
"76","OPINION_NO","1.38961743911378","1.53828781576105"
"76","NULOS","0.543763965588699","0.663135131575626"
"76","PART","6.759348752606","7.13886405197058"
"77","OPINION_SI","97.6686444594532","97.9242141464554"
"77","OPINION_NO","1.46317386793656","1.64422071860914"
"77","NULOS","0.571758511997531","0.727988295548157"
"77","PART","6.70937900499997","7.04430612698101"
"78","OPINION_SI","97.5916882196223","97.9174248536239"
"78","OPINION_NO","1.48879186301643","1.66800914992633"
"78","NULOS","0.552895269806187","0.781190644004857"
"78","PART","6.92454039955404","7.34650178522616"
"79","OPINION_SI","97.7886670801283","98.0303716318892"
"79","OPINION_NO","1.4145777853989","1.56311919032234"
"79","NULOS","0.517437221787938","0.685827090473337"
"79","PART","6.8477089913646","7.21654161326307"
"80","OPINION_SI","97.6224440637155","97.9942476534399"
"80","OPINION_NO","1.42536974626701","1.59418341457503"
"80","NULOS","0.520504182366161","0.843250939636428"
"80","PART","6.82749088455717","7.16451406157157"
"81","OPINION_SI","97.6048057101307","97.9868617762204"
"81","OPINION_NO","1.46014378562344","1.65215272381099"
"81","NULOS","0.486208838767918","0.809827165446541"
"81","PART","6.86310824755395","7.22977996319692"
"82","OPINION_SI","97.6439918002307","97.9894414327724"
"82","OPINION_NO","1.42255351534186","1.59282256410618"
"82","NULOS","0.528298010611097","0.822892676937764"
"82","PART","6.87294287741174","7.21377544638752"
"83","OPINION_SI","97.5906485722824","97.9896412033154"
"83","OPINION_NO","1.44394109192326","1.60770934607574"
"83","NULOS","0.504496198079551","0.86356358832362"
"83","PART","6.96612590244859","7.32090591023984"
"84","OPINION_SI","97.6542948573025","97.9640513529495"
"84","OPINION_NO","1.46001379353255","1.7156006619505"
"84","NULOS","0.535239152999411","0.670800181265595"
"84","PART","6.94704911411736","7.420420782994"
"85","OPINION_SI","97.6197887216973","98.030840831356"
"85","OPINION_NO","1.38404441978141","1.60482493827597"
"85","NULOS","0.535302999484144","0.825198089405237"
"85","PART","6.86481647869527","7.2507119948786"
"86","OPINION_SI","97.4203702123205","97.8540459116438"
"86","OPINION_NO","1.50639927630806","1.68509490947915"
"86","NULOS","0.580419204858426","0.953670485390079"
"86","PART","7.0023246008216","7.3781784546753"
"87","OPINION_SI","97.664768961584","97.9327410089981"
"87","OPINION_NO","1.47685155449202","1.68015737603999"
"87","NULOS","0.548924268005097","0.696556830880845"
"87","PART","6.84477451482384","7.19081033245165"
"88","OPINION_SI","97.6882219204467","98.0085176765837"
"88","OPINION_NO","1.40967522691296","1.55212619987056"
"88","NULOS","0.534857439988336","0.80660153619771"
"88","PART","7.00598111648548","7.34343532767872"
"89","OPINION_SI","97.449238783793","97.9293817228755"
"89","OPINION_NO","1.41650518952671","1.62710167711541"
"89","NULOS","0.597866039115007","0.979906587574394"
"89","PART","7.02882913215766","7.39729091151814"
"90","OPINION_SI","97.7815976518909","98.0189695514487"
"90","OPINION_NO","1.45929589433613","1.63068993725543"
"90","NULOS","0.498716510470533","0.610730454598259"
"90","PART","6.87507168003177","7.22876014928495"
"91","OPINION_SI","97.6424173887586","98.0544751413358"
"91","OPINION_NO","1.39354402015363","1.55540049356173"
"91","NULOS","0.49260689293094","0.861556063259308"
"91","PART","6.84196382807619","7.21241345837247"
"92","OPINION_SI","97.5693866040425","97.9511536456896"
"92","OPINION_NO","1.46678640862266","1.78707321120653"
"92","NULOS","0.522009697787979","0.703590432650757"
"92","PART","6.85066463821734","7.20863565334554"
"93","OPINION_SI","97.6092221519043","97.9720522997642"
"93","OPINION_NO","1.43045472330343","1.63633983316891"
"93","NULOS","0.548688303962171","0.80324268789701"
"93","PART","7.08487680365303","7.52212720570174"
"94","OPINION_SI","97.7553517487963","97.978050079039"
"94","OPINION_NO","1.42142670152251","1.5635600978543"
"94","NULOS","0.566173675417084","0.715437697370821"
"94","PART","6.84394129260679","7.24166643149406"
"95","OPINION_SI","97.7353292798584","98.0503003526185"
"95","OPINION_NO","1.42996199117008","1.71059781379926"
"95","NULOS","0.493129392568564","0.58068116998516"
"95","PART","6.87429640100857","7.22386949450586"
"96","OPINION_SI","97.6063107309858","97.9392735393204"
"96","OPINION_NO","1.49061375160525","1.78852168921093"
"96","NULOS","0.532961167349381","0.642319121528238"
"96","PART","6.7136744161367","7.07618498651518"
"97","OPINION_SI","97.6710501942195","98.0061030565773"
"97","OPINION_NO","1.42764258212241","1.61827772915628"
"97","NULOS","0.544608513122414","0.732317924802051"
"97","PART","6.918849991946","7.28379216978496"
"98","OPINION_SI","97.5028583503341","97.8774763877871"
"98","OPINION_NO","1.51102394415906","1.78966128109397"
"98","NULOS","0.551046787669857","0.767933248955891"
"98","PART","6.77075408603105","7.14255102864963"
"99","OPINION_SI","97.6145785684545","97.9076926625055"
"99","OPINION_NO","1.49890695612807","1.69533503637026"
"99","NULOS","0.547665300614699","0.73582147592688"
"99","PART","7.04915661137458","7.42243765833872"
"100","OPINION_SI","97.1746622649437","97.9076600124519"
"100","OPINION_NO","1.41783426853548","1.61861918680255"
"100","NULOS","0.587551637333603","1.29367262993279"
"100","PART","6.84964327151542","7.25943369364903"
"101","OPINION_SI","97.5124202673651","97.8996303468057"
"101","OPINION_NO","1.47121675293109","1.65528935796963"
"101","NULOS","0.571202555497344","0.890240719431129"
"101","PART","6.95471824226709","7.33857023202529"
"102","OPINION_SI","97.7114412486549","97.9779178751235"
"102","OPINION_NO","1.46079615945416","1.62442167040292"
"102","NULOS","0.525439316280114","0.699983730084394"
"102","PART","7.07327139588946","7.44039790596685"
"103","OPINION_SI","97.658557942397","97.9610937524455"
"103","OPINION_NO","1.4481475289213","1.64538316097811"
"103","NULOS","0.533179874316593","0.753637740941465"
"103","PART","6.87239870995427","7.21300458542447"
"104","OPINION_SI","97.706064722675","98.0464094376945"
"104","OPINION_NO","1.39312281906427","1.66463482569418"
"104","NULOS","0.494165321998946","0.695602872873078"
"104","PART","6.94028643906078","7.33079329089203"
"105","OPINION_SI","95.5902054507381","98.4324788263132"
"105","OPINION_NO","1.46434855266335","1.62816155685999"
"105","NULOS","0.00259500065027552","2.88221061277504"
"105","PART","6.86866488470377","7.21071802670738"
"106","OPINION_SI","97.6773916023939","97.9127557450532"
"106","OPINION_NO","1.52707432647486","1.72661023169469"
"106","NULOS","0.53231819073069","0.623849903652687"
"106","PART","6.91503114569039","7.28591601968417"
"107","OPINION_SI","97.7955208896496","98.0237584214018"
"107","OPINION_NO","1.38371508614339","1.53033819862042"
"107","NULOS","0.550016157706288","0.716651246478552"
"107","PART","7.01921759079926","7.44687182523535"
"108","OPINION_SI","97.7365550664703","97.9944931101382"
"108","OPINION_NO","1.44647779891743","1.61999186513698"
"108","NULOS","0.537230415252729","0.665251744084411"
"108","PART","6.99388006353536","7.37978838315775"
"109","OPINION_SI","97.4763439224874","98.0731768917112"
"109","OPINION_NO","1.40373539457301","1.5558591970427"
"109","NULOS","0.461732482566709","1.02915211161904"
"109","PART","6.8752513804001","7.28834146982163"
"110","OPINION_SI","97.5254637472745","97.8249135753988"
"110","OPINION_NO","1.52589901716289","1.70442265286683"
"110","NULOS","0.599884217190746","0.819416790106222"
"110","PART","6.92634415348669","7.23622789491454"
"111","OPINION_SI","97.8676447925782","98.0873778787876"
"111","OPINION_NO","1.35925474670169","1.51661573191621"
"111","NULOS","0.524325892105658","0.644780957910639"
"111","PART","6.9693892681498","7.33642852924688"
"112","OPINION_SI","97.7212349373416","97.9378885525246"
"112","OPINION_NO","1.47418622402572","1.62154703693241"
"112","NULOS","0.565197414501828","0.679945834673879"
"112","PART","6.79882952721131","7.12941825515493"
"113","OPINION_SI","95.769978674878","98.5048922394527"
"113","OPINION_NO","1.43471852894747","1.60564997395388"
"113","NULOS","0","2.72661616775766"
"113","PART","7.03947403900439","7.53954124045705"
"114","OPINION_SI","97.6994412824144","97.9559010122957"
"114","OPINION_NO","1.44632657154016","1.61737175816459"
"114","NULOS","0.564496254943436","0.716463120641768"
"114","PART","6.88675194517421","7.25538472505936"
"115","OPINION_SI","97.698550908063","97.9904232919871"
"115","OPINION_NO","1.48153244040568","1.6510126510468"
"115","NULOS","0.486458256184042","0.692022452313328"
"115","PART","6.89346141177375","7.25646724375843"
"116","OPINION_SI","97.5570011660235","98.0102975396807"
"116","OPINION_NO","1.42736211397571","1.58508349695036"
"116","NULOS","0.500954020876849","0.919301662492901"
"116","PART","6.88940372028995","7.22967534178146"
"117","OPINION_SI","97.5521431990016","97.9642830259181"
"117","OPINION_NO","1.44924753516011","1.6109718067818"
"117","NULOS","0.529817564875764","0.893536868262607"
"117","PART","6.92533618777422","7.29010363653393"
"118","OPINION_SI","97.7986596436281","98.0163430422573"
"118","OPINION_NO","1.44719831490734","1.61538559053874"
"118","NULOS","0.511599308549487","0.610814100119033"
"118","PART","6.88440997095141","7.29570410378152"
"119","OPINION_SI","97.6799936565529","97.9920453694779"
"119","OPINION_NO","1.41923850746702","1.58858854559432"
"119","NULOS","0.544276609809582","0.775857311098281"
"119","PART","6.96249594085978","7.36432808303087"
"120","OPINION_SI","97.7685636677783","98.0145593414217"
"120","OPINION_NO","1.41677183949879","1.56217938894947"
"120","NULOS","0.530664445198645","0.707261317153091"
"120","PART","6.90920683691844","7.28525665636393"
"121","OPINION_SI","97.7996580861445","98.0497875693913"
"121","OPINION_NO","1.38152430557039","1.56642132049737"
"121","NULOS","0.526177736227369","0.676430982169134"
"121","PART","6.88747556785974","7.26913848043044"
"122","OPINION_SI","97.8199477720514","98.0536923865593"
"122","OPINION_NO","1.39807933001078","1.57173898591964"
"122","NULOS","0.519139636754459","0.63740188870434"
"122","PART","7.01557218035609","7.45313905160132"
"123","OPINION_SI","97.3936795404732","97.8333620676342"
"123","OPINION_NO","1.55927121265908","1.87537323587862"
"123","NULOS","0.568757053288583","0.769556890066233"
"123","PART","7.03425026120144","7.40944882643405"
"124","OPINION_SI","97.7329236756212","98.0026327787297"
"124","OPINION_NO","1.38402572933356","1.56696516741784"
"124","NULOS","0.574978917057962","0.738473731839798"
"124","PART","6.97327982077498","7.3567136740483"
"125","OPINION_SI","97.522818234784","97.98265849797"
"125","OPINION_NO","1.41189430652244","1.6329040832986"
"125","NULOS","0.553329702822911","0.89639517460203"
"125","PART","6.82486170057809","7.185891097988"
"126","OPINION_SI","97.6021833923554","98.0682891387496"
"126","OPINION_NO","1.37519999659686","1.72738403097359"
"126","NULOS","0.476715435074018","0.750228006250535"
"126","PART","6.9969435965088","7.42095938480428"
"127","OPINION_SI","97.5996254452035","97.9452398743749"
"127","OPINION_NO","1.4411416604859","1.6210810570382"
"127","NULOS","0.558600417528489","0.834311545369071"
"127","PART","6.991515655051","7.36235780365448"
"128","OPINION_SI","97.7049825008811","97.946217446408"
"128","OPINION_NO","1.46892623076437","1.6491835630381"
"128","NULOS","0.55624095151394","0.674449307394398"
"128","PART","6.89406279980278","7.27282018954784"
"129","OPINION_SI","97.6389536595875","97.9257259105383"
"129","OPINION_NO","1.4517690579463","1.6606950725446"
"129","NULOS","0.587379542522429","0.735476756860832"
"129","PART","6.88170406511953","7.25278097438507"
"130","OPINION_SI","97.3336688289171","97.8410644921778"
"130","OPINION_NO","1.50288623646117","1.71993969100286"
"130","NULOS","0.583396044765119","1.01904470667599"
"130","PART","7.04285878213619","7.46259234914412"
"131","OPINION_SI","97.8393443970325","98.05681049177"
"131","OPINION_NO","1.39686256071502","1.55890036797208"
"131","NULOS","0.523897626495757","0.624184556014676"
"131","PART","6.86725906151614","7.29763124223941"
"132","OPINION_SI","97.5366208321487","97.9209098713301"
"132","OPINION_NO","1.49953042810802","1.85510377353846"
"132","NULOS","0.536024871026952","0.651810223847817"
"132","PART","6.89539292090048","7.25477921780455"
"133","OPINION_SI","97.5739263290097","97.9451055621637"
"133","OPINION_NO","1.46487770206757","1.64580789550428"
"133","NULOS","0.52836265166466","0.841919859590173"
"133","PART","6.81652960766139","7.13382284787612"
"134","OPINION_SI","97.482222013738","97.9177757320009"
"134","OPINION_NO","1.45378269063908","1.63135195383972"
"134","NULOS","0.563249085912035","0.951618523870222"
"134","PART","6.97564541197615","7.37705598686425"
"135","OPINION_SI","97.4640175700146","97.9018677624756"
"135","OPINION_NO","1.52307313048842","1.75001145390884"
"135","NULOS","0.525381924073514","0.835648159038982"
"135","PART","6.76519563669349","7.14552641600354"
"136","OPINION_SI","97.6768370655319","97.960413562304"
"136","OPINION_NO","1.44175383288165","1.68272752190643"
"136","NULOS","0.544509197284934","0.693758820091071"
"136","PART","6.9834282885317","7.39067461440076"
"137","OPINION_SI","95.6991684244643","98.5274222447391"
"137","OPINION_NO","1.46317760992093","1.64593012558687"
"137","NULOS","0","2.76614541051483"
"137","PART","6.85837757431914","7.2938011397957"
"138","OPINION_SI","97.7557980322985","98.0009551898791"
"138","OPINION_NO","1.42961855178321","1.62990804355049"
"138","NULOS","0.537234059612676","0.646486122876071"
"138","PART","6.87974153350665","7.24688374324925"
"139","OPINION_SI","97.5040077135263","97.9912062490219"
"139","OPINION_NO","1.42348534427903","1.66362395828331"
"139","NULOS","0.498467971631773","0.919208763257706"
"139","PART","6.99568088585646","7.31508914812891"
"140","OPINION_SI","97.7678708677769","97.9709045227211"
"140","OPINION_NO","1.47063345678186","1.62819993719283"
"140","NULOS","0.537541004565066","0.62485021096219"
"140","PART","6.83238446327216","7.11014553464573"
"141","OPINION_SI","97.4827634879665","97.9201874523848"
"141","OPINION_NO","1.46676581664311","1.66069783033038"
"141","NULOS","0.543798253349146","0.925787159325998"
"141","PART","6.80882449378292","7.14554440361469"
"142","OPINION_SI","96.5122875458676","98.2055989560891"
"142","OPINION_NO","1.43623485003474","1.63970302102669"
"142","NULOS","0.248406577841072","1.95776904914082"
"142","PART","6.8527794183981","7.26741714486202"
"143","OPINION_SI","97.8064390944894","98.0257571797843"
"143","OPINION_NO","1.45754314184052","1.62739572028432"
"143","NULOS","0.496285766961802","0.586579096639644"
"143","PART","7.04463760108469","7.42265493706732"
"144","OPINION_SI","97.8414371686385","98.0405457480714"
"144","OPINION_NO","1.41681176042988","1.56415195055814"
"144","NULOS","0.51754759394025","0.619505778361781"
"144","PART","6.82341167162339","7.10601582943757"
"145","OPINION_SI","97.2869897971013","97.8519256459339"
"145","OPINION_NO","1.43368857460126","1.78675157116249"
"145","NULOS","0.59478820119532","1.04585621000572"
"145","PART","6.94764026932394","7.37668723696761"
"146","OPINION_SI","97.5886197586922","97.9507430743392"
"146","OPINION_NO","1.48030068108474","1.73237608669377"
"146","NULOS","0.548240993068806","0.699719406121265"
"146","PART","6.91872083416952","7.29110737061168"
"147","OPINION_SI","95.6426236730368","98.4476673655575"
"147","OPINION_NO","1.40536570207234","1.5596852404645"
"147","NULOS","0.0520771542641425","2.89258086460465"
"147","PART","6.91287496823782","7.33151731044506"
"148","OPINION_SI","97.5201483648038","98.0150611836383"
"148","OPINION_NO","1.39041306102306","1.52353504263482"
"148","NULOS","0.537942149734379","1.01290019816562"
"148","PART","6.92722229335288","7.31000276212964"
"149","OPINION_SI","97.569652101936","97.9377788029512"
"149","OPINION_NO","1.46776723112655","1.69530729091589"
"149","NULOS","0.575126959005042","0.754367614065369"
"149","PART","7.00918984016357","7.41337232098796"
"150","OPINION_SI","97.2626994721149","97.9651953780033"
"150","OPINION_NO","1.40745289658052","1.8668801903748"
"150","NULOS","0.504679104870359","0.993092958056113"
"150","PART","6.89503070134042","7.20478767299558"
"151","OPINION_SI","96.5464717639393","98.2296372691161"
"151","OPINION_NO","1.44140903968629","1.60170124933868"
"151","NULOS","0.242664987991125","1.93811568992852"
"151","PART","6.97470956733355","7.38774890844239"
"152","OPINION_SI","97.7527939622866","97.9909500692118"
"152","OPINION_NO","1.43216477777189","1.58393164084515"
"152","NULOS","0.54130144231506","0.698858107569504"
"152","PART","6.8852557901734","7.26636060143531"
"153","OPINION_SI","97.3741702425152","97.8873455153842"
"153","OPINION_NO","1.45109410205211","1.6056353033824"
"153","NULOS","0.600251484546948","1.0815033521191"
"153","PART","6.88788292922794","7.2959338182269"
"154","OPINION_SI","97.6268204011161","97.9679491604061"
"154","OPINION_NO","1.43867882960137","1.70692213521476"
"154","NULOS","0.536110550945186","0.723518922716414"
"154","PART","6.79016419239977","7.11784322513611"
"155","OPINION_SI","97.5158261996166","98.0993763273539"
"155","OPINION_NO","1.35525197906997","1.50160035217909"
"155","NULOS","0.483764873379648","1.04418026840077"
"155","PART","6.85996207378549","7.20232580391952"
"156","OPINION_SI","97.8208714850081","98.0115866460634"
"156","OPINION_NO","1.4297827786214","1.57894362650295"
"156","NULOS","0.528804928175623","0.630010535628412"
"156","PART","6.88426873068437","7.27132704922627"
"157","OPINION_SI","97.531843368423","97.9240243478783"
"157","OPINION_NO","1.49457324359142","1.66333273062674"
"157","NULOS","0.521428279401886","0.864798030078591"
"157","PART","6.83642065075879","7.17965766669021"
"158","OPINION_SI","97.4700933165072","97.9707453676495"
"158","OPINION_NO","1.4194512857983","1.59586265151101"
"158","NULOS","0.542282007853855","1.00156537068012"
"158","PART","6.98582828561567","7.40835834177433"
"159","OPINION_SI","97.7561877750091","98.0344121416529"
"159","OPINION_NO","1.36699785753087","1.51052241965102"
"159","NULOS","0.554748819657073","0.777130986498997"
"159","PART","6.95208184970919","7.28663285336812"
"160","OPINION_SI","97.5759836315438","97.894176649561"
"160","OPINION_NO","1.49728689550868","1.66964679103262"
"160","NULOS","0.561985686003683","0.800920346350176"
"160","PART","6.81621752251804","7.12699528869082"
"161","OPINION_SI","97.7418947566204","98.0252281664849"
"161","OPINION_NO","1.41585268993656","1.56924036422136"
"161","NULOS","0.505331439782362","0.742452582954392"
"161","PART","6.93823426696009","7.33703207310953"
"162","OPINION_SI","97.469199811362","97.9873123154847"
"162","OPINION_NO","1.42586842411059","1.87674127179302"
"162","NULOS","0.548427594845397","0.69245058240425"
"162","PART","6.96171163134161","7.33139780287953"
"163","OPINION_SI","97.474862492063","98.0576316358224"
"163","OPINION_NO","1.43289640833308","1.61374053775854"
"163","NULOS","0.440124799993763","0.980744126029156"
"163","PART","6.86582969652847","7.20696661294704"
"164","OPINION_SI","97.5070803379851","98.0315512472507"
"164","OPINION_NO","1.42257139754631","1.88262362805802"
"164","NULOS","0.522802045558086","0.633371343601769"
"164","PART","6.89163380752908","7.25220126176816"
"165","OPINION_SI","97.6048248127106","97.9766812058706"
"165","OPINION_NO","1.43588444308994","1.59818518797771"
"165","NULOS","0.53480064916283","0.849623701188325"
"165","PART","7.02921151969042","7.38751699189654"
"166","OPINION_SI","97.6317881731459","97.9757162851907"
"166","OPINION_NO","1.39695529620217","1.55647204436007"
"166","NULOS","0.576648400741352","0.862419800359763"
"166","PART","6.89436141267985","7.24985371115718"
"167","OPINION_SI","97.5537930985355","97.990111785934"
"167","OPINION_NO","1.41097164237427","1.7146477616991"
"167","NULOS","0.511566343897265","0.818909367559912"
"167","PART","6.84601598974491","7.2227001613626"
"168","OPINION_SI","97.5566021488089","97.9895236607032"
"168","OPINION_NO","1.40778589484402","1.57373365651062"
"168","NULOS","0.538708149846558","0.933646489286704"
"168","PART","7.03981825838241","7.4664234590295"
"169","OPINION_SI","97.6330087350945","98.057276369985"
"169","OPINION_NO","1.39542862972062","1.71451386700961"
"169","NULOS","0.468459631536376","0.731312766653918"
"169","PART","6.98562643768031","7.35586938332528"
"170","OPINION_SI","95.3872352875658","98.5276772607318"
"170","OPINION_NO","1.45790736949703","1.69331595586461"
"170","NULOS","0","3.06013305356333"
"170","PART","7.00667842428821","7.39594149187863"
"171","OPINION_SI","97.4181665513342","97.9083437014721"
"171","OPINION_NO","1.4130596394847","1.61874483062557"
"171","NULOS","0.605396815942884","1.03628846114055"
"171","PART","7.21540643263875","7.70052308899592"
"172","OPINION_SI","97.2832160201974","97.7932629098735"
"172","OPINION_NO","1.52847531621969","1.84236400175614"
"172","NULOS","0.578388785890678","0.974292966062538"
"172","PART","6.93540343905114","7.3800741428472"
"173","OPINION_SI","97.7365560357203","98.0547393888226"
"173","OPINION_NO","1.37764427877301","1.52002992776067"
"173","NULOS","0.520499519352539","0.790530849570816"
"173","PART","6.90991096604055","7.26828655483487"
"174","OPINION_SI","97.5801491716501","97.8669312166562"
"174","OPINION_NO","1.54357207444448","1.77911863581387"
"174","NULOS","0.561086282355591","0.669142619079683"
"174","PART","6.9162840135973","7.25318457082142"
"175","OPINION_SI","97.7059996625081","97.9857105284488"
"175","OPINION_NO","1.41236676833884","1.60735991753828"
"175","NULOS","0.560610394834988","0.72795272833101"
"175","PART","6.96015349445976","7.37956660600442"
"176","OPINION_SI","97.5466223842052","97.9299016183785"
"176","OPINION_NO","1.46395721251964","1.65790580038831"
"176","NULOS","0.540846581107557","0.86076640340081"
"176","PART","6.98127148217973","7.36773198048679"
"177","OPINION_SI","97.4307822956531","97.9465062540904"
"177","OPINION_NO","1.44267991127201","1.65538694224948"
"177","NULOS","0.527585657019975","0.997058939715036"
"177","PART","6.91322865438945","7.23320196101569"
"178","OPINION_SI","97.1032689222634","97.7642143530596"
"178","OPINION_NO","1.56839514838773","1.86263231320471"
"178","NULOS","0.567885177923763","1.13360408516074"
"178","PART","6.90894206193115","7.26885428431"
"179","OPINION_SI","97.6350450383547","97.9757979462742"
"179","OPINION_NO","1.46223702663969","1.70073451446818"
"179","NULOS","0.500632722238403","0.72555275202486"
"179","PART","6.86850651430439","7.27287813203568"
"180","OPINION_SI","97.3766405544626","97.870445940514"
"180","OPINION_NO","1.49846197284409","1.80900863893148"
"180","NULOS","0.539491140476943","0.905951752770838"
"180","PART","6.82537419745485","7.20110821891445"
"181","OPINION_SI","97.7749197059418","98.0053788616237"
"181","OPINION_NO","1.42132394640666","1.59746377067381"
"181","NULOS","0.546141905931674","0.654771809422373"
"181","PART","7.01803752671605","7.32866629680455"
"182","OPINION_SI","97.6130335993885","97.944258240521"
"182","OPINION_NO","1.42580584508134","1.59111380281295"
"182","NULOS","0.574284520337525","0.851503991858742"
"182","PART","7.12296019474781","7.57728715235687"
"183","OPINION_SI","97.7217210164704","97.9861858693842"
"183","OPINION_NO","1.44839036606873","1.64349228431795"
"183","NULOS","0.534071062433314","0.666139401325437"
"183","PART","6.93810698696382","7.35003059799428"
"184","OPINION_SI","97.561841387664","97.9988168688691"
"184","OPINION_NO","1.4236772372396","1.58999756902093"
"184","NULOS","0.518026362080987","0.907640575125339"
"184","PART","6.91724089909794","7.26151562058101"
"185","OPINION_SI","97.8926306733513","98.084965364738"
"185","OPINION_NO","1.40236795434577","1.55534747529579"
"185","NULOS","0.487049436311371","0.577639095957743"
"185","PART","6.83161787810362","7.17007321481816"
"186","OPINION_SI","97.6403415082698","97.9577954087596"
"186","OPINION_NO","1.41547431307828","1.58871352134157"
"186","NULOS","0.575722029101745","0.821953219449015"
"186","PART","6.84393853691624","7.14436957942972"
"187","OPINION_SI","97.298380895865","97.9802526292156"
"187","OPINION_NO","1.41488911645408","1.75095211573638"
"187","NULOS","0.485762999384613","1.06976224334435"
"187","PART","7.12305737833463","7.63111243120219"
"188","OPINION_SI","95.5711355460705","98.3976027593921"
"188","OPINION_NO","1.41707111334442","1.57903486014045"
"188","NULOS","0.0863806279214072","2.94877509313116"
"188","PART","6.87119714151968","7.28183406031398"
"189","OPINION_SI","97.7691456284336","98.0078498323355"
"189","OPINION_NO","1.45638480520362","1.61274273859211"
"189","NULOS","0.505283222933078","0.648593772502059"
"189","PART","6.90912146462691","7.23171861804761"
"190","OPINION_SI","97.4408973841007","97.951612140116"
"190","OPINION_NO","1.43200025191957","1.66178712648002"
"190","NULOS","0.547384089927987","0.966319007455776"
"190","PART","7.01498414088452","7.42457800346257"
"191","OPINION_SI","97.4786152985173","97.934841190248"
"191","OPINION_NO","1.39349187062461","1.55091285845649"
"191","NULOS","0.61451310423206","1.02762567792152"
"191","PART","6.8952333295069","7.30498556728414"
"192","OPINION_SI","97.7686943189048","98.0527163464918"
"192","OPINION_NO","1.38778700015397","1.55611711449241"
"192","NULOS","0.512199219707425","0.722486000249598"
"192","PART","6.94692958220258","7.43523509233165"
"193","OPINION_SI","97.2743691885408","97.9374488171259"
"193","OPINION_NO","1.45803260535076","1.71001869661024"
"193","NULOS","0.519175304238524","1.10095538813377"
"193","PART","6.96437313264447","7.39352979362119"
"194","OPINION_SI","97.6152411582524","97.9084359424859"
"194","OPINION_NO","1.4823675403682","1.65368588510613"
"194","NULOS","0.564710888411361","0.775558585375998"
"194","PART","6.85765648655955","7.26983369348212"
"195","OPINION_SI","97.6769993957516","97.9483845615153"
"195","OPINION_NO","1.49273014587273","1.64196996058473"
"195","NULOS","0.514216110541101","0.72569982573458"
"195","PART","6.85512077709849","7.20637849205399"
"196","OPINION_SI","97.7740725799637","98.0068518682665"
"196","OPINION_NO","1.46435936151453","1.63694761130071"
"196","NULOS","0.505870982439173","0.611897596515338"
"196","PART","6.84230114267896","7.21214329230844"
"197","OPINION_SI","97.5590802210137","97.9881208411678"
"197","OPINION_NO","1.41456681079019","1.69499345567389"
"197","NULOS","0.515543518796868","0.827695152557569"
"197","PART","6.99619628709155","7.3618347460011"
"198","OPINION_SI","97.6001765865026","98.0524283352632"
"198","OPINION_NO","1.39169350215951","1.56851079562245"
"198","NULOS","0.492706766715791","0.894484013736424"
"198","PART","6.9707721572432","7.3503704506552"
"199","OPINION_SI","97.7423266531215","98.1154119540406"
"199","OPINION_NO","1.31853983527568","1.47159766412903"
"199","NULOS","0.509639013429616","0.842484880003615"
"199","PART","6.94798590147127","7.3559211122746"
"200","OPINION_SI","97.7651928664174","98.0260029871741"
"200","OPINION_NO","1.39210835388024","1.5304734102005"
"200","NULOS","0.540839677671551","0.74538270465622"
"200","PART","6.93428453582565","7.24783138833669"
