"num_muestra","opc","LI","LS"
1,"OPINION_SI",95.156461706501,97.8318148115419
1,"OPINION_NO",1.46867024921979,1.73339109408121
1,"NULOS",0.624676928528228,3.29168931481561
1,"PART",6.93302167605585,7.43188775268717
2,"OPINION_SI",90.745447390152,96.8481641613676
2,"OPINION_NO",1.36245119239647,1.60416278612067
2,"NULOS",1.59404653006296,7.82718960087266
2,"PART",7.01766725506016,7.6968732301043
3,"OPINION_SI",89.9997599817874,96.0144451203299
3,"OPINION_NO",1.39594436307206,1.61250902847846
3,"NULOS",2.46043306172259,8.53495337786352
3,"PART",7.20419955458271,7.89743020612395
4,"OPINION_SI",88.8552998521033,95.3386482979416
4,"OPINION_NO",1.29601930159798,1.512919959354
4,"NULOS",3.23342733580445,9.78552888013403
4,"PART",7.24622387872475,8.0054060105406
5,"OPINION_SI",89.2008052710523,95.8054119686368
5,"OPINION_NO",1.2733924180897,1.46511125419543
5,"NULOS",2.76299146383781,9.5074269551728
5,"PART",7.19377081111202,7.90154414711955
6,"OPINION_SI",89.9108867077614,96.5397566652297
6,"OPINION_NO",1.3688178667208,1.58259317638735
6,"NULOS",1.97132197536037,8.69314569279576
6,"PART",7.04941576229905,7.70026939061999
7,"OPINION_SI",90.483794571735,96.2006301750389
7,"OPINION_NO",1.3972482101856,1.95524322241633
7,"NULOS",2.12186068505248,7.8519432394555
7,"PART",7.13096346674933,7.82680867550731
8,"OPINION_SI",87.6943642128597,94.7946521994612
8,"OPINION_NO",1.34375721831469,1.54134931485398
8,"NULOS",3.72749662947996,10.9013514497333
8,"PART",7.29704922663066,8.07685092508118
9,"OPINION_SI",92.1595558085358,96.7819258730604
9,"OPINION_NO",1.39658140774801,1.59598657512312
9,"NULOS",1.69461147141043,6.35062388566158
9,"PART",7.13777223954154,7.74559068997415
10,"OPINION_SI",93.0656995641392,97.4218933544943
10,"OPINION_NO",1.42916905486817,1.68695653860589
10,"NULOS",1.00840672253385,5.39181180462363
10,"PART",6.80508431714904,7.31002042374147
11,"OPINION_SI",87.0637779977776,95.2817103723897
11,"OPINION_NO",1.34561760049555,1.54118821122401
11,"NULOS",3.21373539066456,11.5293568505014
11,"PART",7.1660151408219,7.97052148449734
12,"OPINION_SI",94.953258350189,97.7729304881135
12,"OPINION_NO",1.43041021038171,1.64583452275204
12,"NULOS",0.683072529880764,3.55522049168871
12,"PART",7.01923452813576,7.5323922463748
13,"OPINION_SI",92.2270434378026,97.3004784914921
13,"OPINION_NO",1.47545561365156,1.78596013457251
13,"NULOS",1.02283893509839,6.24580015782031
13,"PART",7.03975687327615,7.67446000088019
14,"OPINION_SI",93.087084317483,97.3779219154912
14,"OPINION_NO",1.4592480010733,1.82187259525311
14,"NULOS",0.977373032530732,5.35859311750362
14,"PART",7.08880500662142,7.73299905001164
15,"OPINION_SI",91.815395090733,97.2979268257027
15,"OPINION_NO",1.43855041050583,1.63969293280555
15,"NULOS",1.15095280335895,6.71934183077067
15,"PART",6.86303781758302,7.44265951644638
16,"OPINION_SI",91.7087683542672,97.0219050265062
16,"OPINION_NO",1.41418853903115,1.66344053233649
16,"NULOS",1.43329701107488,6.85042532985892
16,"PART",7.10823300732021,7.7191418118669
17,"OPINION_SI",89.6472266566278,95.9012851620905
17,"OPINION_NO",1.37996224015934,1.57860652852087
17,"NULOS",2.60120449554566,8.94315510454278
17,"PART",7.10159913992889,7.73915812224751
18,"OPINION_SI",88.7312261074365,95.8649630207099
18,"OPINION_NO",1.35297992320923,1.56250255465166
18,"NULOS",2.63997644022861,9.86594655138528
18,"PART",7.14357779342302,7.91216334996975
19,"OPINION_SI",91.2084913192541,96.8077021166344
19,"OPINION_NO",1.41998756122897,1.75965114595524
19,"NULOS",1.59010420296084,7.25926754842784
19,"PART",7.21357338328667,7.86394124572898
20,"OPINION_SI",86.9387877276744,93.9982284440194
20,"OPINION_NO",1.32568562112796,1.77071600243763
20,"NULOS",4.4417089799248,11.6247452736168
20,"PART",7.47760755728307,8.21463348563908
21,"OPINION_SI",84.9990184557318,93.1625670222524
21,"OPINION_NO",1.32764755704797,1.53600399665246
21,"NULOS",5.37399586525696,13.6732061498386
21,"PART",7.43405901272351,8.31850022609842
22,"OPINION_SI",89.3616393610352,95.9980603883172
22,"OPINION_NO",1.32454018033113,1.54725810485824
22,"NULOS",2.52475814620953,9.2483182756992
22,"PART",7.01781882545078,7.71303084663962
23,"OPINION_SI",91.7965122329943,96.8939564415401
23,"OPINION_NO",1.36786066436509,1.617735241276
23,"NULOS",1.58870620695502,6.75299769348298
23,"PART",7.06360438706399,7.72098321029048
24,"OPINION_SI",92.2759487119768,97.4665366191201
24,"OPINION_NO",1.41755661117626,1.6409760084841
24,"NULOS",0.944642058095131,6.21887749165935
24,"PART",7.03318967825059,7.62873232735897
25,"OPINION_SI",90.5694877561421,96.42159810003
25,"OPINION_NO",1.33187889343882,1.5818454041446
25,"NULOS",2.08393942533456,8.02775961956817
25,"PART",7.10378292271493,7.86782328148689
26,"OPINION_SI",88.9369654178236,95.7988321364272
26,"OPINION_NO",1.42375729369479,1.88658764029104
26,"NULOS",2.53312971305653,9.5409664564061
26,"PART",6.93774809245453,7.66680627804678
27,"OPINION_SI",90.9601253746858,96.8636553158651
27,"OPINION_NO",1.45778037577857,1.72247398204156
27,"NULOS",1.57332801075172,7.61702450759989
27,"PART",7.04633366860946,7.71000532470832
28,"OPINION_SI",90.0488281705503,96.410675450243
28,"OPINION_NO",1.34687477298675,1.55873029397025
28,"NULOS",2.04578800596351,8.51210280259732
28,"PART",7.11416340284662,7.83777700129825
29,"OPINION_SI",88.9721183955646,95.5544041068083
29,"OPINION_NO",1.38380805055425,1.6446377199983
29,"NULOS",2.95306855484578,9.56900521035855
29,"PART",7.29701567167717,8.06075962855485
30,"OPINION_SI",87.8752059722438,95.3899565333838
30,"OPINION_NO",1.37839546762445,1.62781440182489
30,"NULOS",3.06088188671755,10.6099632252206
30,"PART",7.24847756373079,7.96185720048757
31,"OPINION_SI",94.3151556321316,97.7153117969127
31,"OPINION_NO",1.44104846376035,1.63927604873892
31,"NULOS",0.720036868542702,4.17225456379969
31,"PART",6.85729097122171,7.389272107058
32,"OPINION_SI",93.2792077453877,97.6264837040669
32,"OPINION_NO",1.33358239600256,1.53501590770942
32,"NULOS",0.933833157534837,5.29603129361705
32,"PART",7.04954876054832,7.62366423670811
33,"OPINION_SI",90.8789141753159,96.8004233995606
33,"OPINION_NO",1.43776424279714,1.73698480788561
33,"NULOS",1.58076884087528,7.55080897337322
33,"PART",7.08046537403114,7.69747214597153
34,"OPINION_SI",91.1341277959064,96.8896623323484
34,"OPINION_NO",1.35862976376019,1.56515559426706
34,"NULOS",1.58873460971511,7.50315689835176
34,"PART",7.20454769567544,7.88228858732471
35,"OPINION_SI",91.492987853282,96.6313111285103
35,"OPINION_NO",1.40381377852023,1.61805234903145
35,"NULOS",1.81644423734364,6.98286999029676
35,"PART",7.36994700520915,8.15073916187744
36,"OPINION_SI",89.9677711197627,96.207379147707
36,"OPINION_NO",1.44411105310273,1.86799933849451
36,"NULOS",2.08488774717445,8.48691136501755
36,"PART",7.15992207794689,7.85852865056339
37,"OPINION_SI",92.5367840541397,97.1382172507056
37,"OPINION_NO",1.48054609399328,1.93792241373141
37,"NULOS",1.20353887782822,5.87097672592717
37,"PART",6.97237591407857,7.60963746362593
38,"OPINION_SI",91.1528911450858,96.8765883756893
38,"OPINION_NO",1.41094859085587,1.63084009218193
38,"NULOS",1.58239720228085,7.39012693737075
38,"PART",7.17512641421107,7.81586369725196
39,"OPINION_SI",92.4311644472614,97.3081530812634
39,"OPINION_NO",1.36570632466067,1.58094491663551
39,"NULOS",1.19771190360407,6.14959700725162
39,"PART",7.13568285436654,7.83985641880686
40,"OPINION_SI",94.6781128434516,97.5958043096525
40,"OPINION_NO",1.47481467590573,1.82902604029612
40,"NULOS",0.779361685667483,3.70305596430267
40,"PART",7.01351684539211,7.54662290794817
41,"OPINION_SI",91.5520881956225,97.5070681507281
41,"OPINION_NO",1.37068608251255,1.59654177567532
41,"NULOS",0.991457297339977,6.95402286585242
41,"PART",7.00969931534254,7.7007288618067
42,"OPINION_SI",91.3116789671238,96.5673068572528
42,"OPINION_NO",1.40911806522921,1.66494842072908
42,"NULOS",1.85338604345444,7.18949343955218
42,"PART",7.13607293059982,7.76964983598379
43,"OPINION_SI",89.4438051632681,96.1572291103783
43,"OPINION_NO",1.42359965555025,1.66018436302874
43,"NULOS",2.25355891420239,9.00257486596539
43,"PART",7.12510726556182,7.81841841942791
44,"OPINION_SI",90.1345992677274,96.8079762240016
44,"OPINION_NO",1.39056116651829,1.60411426180812
44,"NULOS",1.64414920275812,8.40229824525504
44,"PART",6.9750349336317,7.6699248114998
45,"OPINION_SI",93.2381673190365,97.6556601749603
45,"OPINION_NO",1.49667070564431,1.75082097038482
45,"NULOS",0.698406990062164,5.18259809088009
45,"PART",6.93045444517363,7.5084317793028
46,"OPINION_SI",94.1161352535461,97.5306466087606
46,"OPINION_NO",1.43281740468593,1.94430064072154
46,"NULOS",0.860368787213333,4.27510989864276
46,"PART",7.01948071395142,7.58754537868095
47,"OPINION_SI",92.6368906915218,97.4287379027491
47,"OPINION_NO",1.38266602187418,1.59138399552967
47,"NULOS",1.05513378809512,5.89569321518804
47,"PART",7.02325791013742,7.58877055544812
48,"OPINION_SI",91.8025067955806,96.7457856258244
48,"OPINION_NO",1.36472667557372,1.59651642367485
48,"NULOS",1.75220718217921,6.7847001135534
48,"PART",7.05038424791278,7.68250389569207
49,"OPINION_SI",89.9009656054524,95.7762834052
49,"OPINION_NO",1.34721001389344,1.52675881721907
49,"NULOS",2.69349072872173,8.70129282250718
49,"PART",7.19182724060164,7.78847138236474
50,"OPINION_SI",89.9619941449464,96.2767337260029
50,"OPINION_NO",1.41291791911717,1.63041223279391
50,"NULOS",2.19363911555072,8.52102553419372
50,"PART",7.14818948728489,7.84618089018031
51,"OPINION_SI",93.5341002325106,97.3304086785798
51,"OPINION_NO",1.41283420481032,1.69160914952625
51,"NULOS",1.08529854029184,4.98066398786299
51,"PART",7.01309862720985,7.59458884930536
52,"OPINION_SI",89.7571919281458,95.9162979393954
52,"OPINION_NO",1.37850496018087,1.6412685506034
52,"NULOS",2.57397769176182,8.76305500699234
52,"PART",7.25647622139564,7.94054924716305
53,"OPINION_SI",90.6668934819803,96.414251159637
53,"OPINION_NO",1.37754651400522,1.59423520248567
53,"NULOS",2.09132112687535,7.90901390154809
53,"PART",6.92062592660921,7.51533183005109
54,"OPINION_SI",88.5550706159157,95.491053860475
54,"OPINION_NO",1.42592564786045,1.72513368128677
54,"NULOS",2.92718036865209,9.88170590076458
54,"PART",7.27168819387341,8.01538928545222
55,"OPINION_SI",84.7969911633915,92.9436459082794
55,"OPINION_NO",1.27852678183321,1.50130470991407
55,"NULOS",5.61507724203683,13.8798778829419
55,"PART",7.36697573386876,8.2172081891348
56,"OPINION_SI",84.7469551292289,93.2218521194565
56,"OPINION_NO",1.32263946887387,1.64821394397651
56,"NULOS",5.18457248765642,13.8194532114685
56,"PART",7.42264708203939,8.28522339743158
57,"OPINION_SI",89.2641456948557,95.9351597251976
57,"OPINION_NO",1.31592471085948,1.53109610293507
57,"NULOS",2.61935150427445,9.36466651751727
57,"PART",7.09741770829057,7.84777692060088
58,"OPINION_SI",91.2566288604678,96.1668086323025
58,"OPINION_NO",1.40244473651976,1.747946322806
58,"NULOS",2.20669407384744,7.25733857010664
58,"PART",7.23001385016631,7.8677551997268
59,"OPINION_SI",89.0340468424639,95.5220769764661
59,"OPINION_NO",1.37905237506498,1.59035771754855
59,"NULOS",2.9342027679214,9.55893297563957
59,"PART",7.14504428020369,7.8427066345768
60,"OPINION_SI",91.8191276911202,97.1951000002009
60,"OPINION_NO",1.34804039790887,1.80553174383515
60,"NULOS",1.21579697151411,6.64945419115732
60,"PART",7.00945661247253,7.67236546447753
61,"OPINION_SI",91.0690710678681,96.4333760350273
61,"OPINION_NO",1.37308378984917,1.5764385757052
61,"NULOS",2.05945392959774,7.5351316842613
61,"PART",7.16904073464883,7.84246728955458
62,"OPINION_SI",91.5883147326162,96.8641974739094
62,"OPINION_NO",1.39290363703532,1.6030738995434
62,"NULOS",1.59405822286044,6.97759778105454
62,"PART",7.00341728174008,7.61369372008995
63,"OPINION_SI",89.2394235767075,95.8704918656489
63,"OPINION_NO",1.39060101069207,1.63144396706571
63,"NULOS",2.57617464817104,9.31362092883995
63,"PART",7.07436641718427,7.81154000463238
64,"OPINION_SI",90.4640342782942,96.240048479733
64,"OPINION_NO",1.36695159629024,1.65555011015433
64,"NULOS",2.22533360819404,7.99441500651806
64,"PART",7.08767493647355,7.75439551535411
65,"OPINION_SI",89.0018430030406,96.0282239929308
65,"OPINION_NO",1.35969072182166,1.59165616698669
65,"NULOS",2.43306733881626,9.5456239845297
65,"PART",7.25365287478321,8.00680244555143
66,"OPINION_SI",92.424123816293,97.1809884314504
66,"OPINION_NO",1.38930661721564,1.59774133962366
66,"NULOS",1.31573680388464,6.1362953421205
66,"PART",7.22292694541922,7.89212220907893
67,"OPINION_SI",97.4900494816021,97.885935537461
67,"OPINION_NO",1.46184949985805,1.66350166227972
67,"NULOS",0.614086171088342,0.907019663120553
67,"PART",6.87677505644737,7.38018186904533
68,"OPINION_SI",91.0282339138237,96.8946792430547
68,"OPINION_NO",1.37421011732131,1.61979383457756
68,"NULOS",1.60070032391105,7.55240915066989
68,"PART",7.00764614184668,7.70124676211295
69,"OPINION_SI",89.4920678799469,96.0627320080036
69,"OPINION_NO",1.34529322988493,1.55009763745007
69,"NULOS",2.4207615678028,9.15908601035998
69,"PART",7.29141107960165,7.97560993653829
70,"OPINION_SI",91.9553535988946,97.3422586986414
70,"OPINION_NO",1.36155465516853,1.56917805258218
70,"NULOS",1.15923325534004,6.58447538077086
70,"PART",7.1202144575235,7.75674927762527
71,"OPINION_SI",87.8128270092899,94.6788522173263
71,"OPINION_NO",1.29790960554822,1.49371753306558
71,"NULOS",3.85037300428101,10.8545774285029
71,"PART",7.34700959766444,8.09223262497211
72,"OPINION_SI",89.1783180855652,95.854342091242
72,"OPINION_NO",1.39522120699846,1.65651258161222
72,"NULOS",2.59256082927916,9.43529429875981
72,"PART",7.20275495340919,7.95563675171491
73,"OPINION_SI",94.0870574029896,97.8294626723314
73,"OPINION_NO",1.38838860199831,1.57100170299532
73,"NULOS",0.648068502801515,4.44807757058378
73,"PART",6.98456342225287,7.49988223824368
74,"OPINION_SI",87.173134561679,94.3624702938631
74,"OPINION_NO",1.32375320237627,1.78640857963345
74,"NULOS",4.1559340119131,11.3208266756141
74,"PART",7.3020566786009,8.04990754107344
75,"OPINION_SI",90.3607242600373,96.016709275738
75,"OPINION_NO",1.36966189657354,1.68925880761788
75,"NULOS",2.45297373758972,8.1628515775813
75,"PART",7.23211009898213,7.96553104169559
76,"OPINION_SI",91.6860896072607,96.764867893808
76,"OPINION_NO",1.47037024780176,1.76029560688228
76,"NULOS",1.61767819685859,6.75134325431922
76,"PART",6.9472933372997,7.52852195522238
77,"OPINION_SI",95.4803817286582,97.8579615271508
77,"OPINION_NO",1.43304225760655,1.62554993141985
77,"NULOS",0.6443334670927,2.9816461959933
77,"PART",6.98698326683692,7.48000586074303
78,"OPINION_SI",91.0041723680463,96.7285721000248
78,"OPINION_NO",1.35920601628487,1.72748631845579
78,"NULOS",1.70036848225747,7.50443865561609
78,"PART",7.14794547370549,7.82373021495775
79,"OPINION_SI",87.7212191351741,95.1951890848124
79,"OPINION_NO",1.36397106343382,1.62151063821941
79,"NULOS",3.25321559299316,10.8188216731601
79,"PART",7.15902206863548,7.91132934840978
80,"OPINION_SI",90.1506058518405,95.9435225997505
80,"OPINION_NO",1.40810218903016,1.62497797312346
80,"NULOS",2.50125654125863,8.40004025482057
80,"PART",7.09377976817423,7.72234175608648
81,"OPINION_SI",93.203069312907,97.6072172214198
81,"OPINION_NO",1.3755406753575,1.57823228033739
81,"NULOS",0.881511684016532,5.37064478270847
81,"PART",7.0255620508661,7.56579575007932
82,"OPINION_SI",85.5140086284584,93.8156987882329
82,"OPINION_NO",1.34295814121505,1.56612758293369
82,"NULOS",4.68026211785876,13.1184099278959
82,"PART",7.36401684919292,8.16170997312993
83,"OPINION_SI",94.9803724864339,97.7769866599135
83,"OPINION_NO",1.46678672519616,1.94924235751331
83,"NULOS",0.642264244684108,3.33916549685222
83,"PART",6.94892884394999,7.46397832317886
84,"OPINION_SI",88.9020137115973,95.7976174062707
84,"OPINION_NO",1.39197671780337,1.61778633515798
84,"NULOS",2.68503016989041,9.63503587908696
84,"PART",7.21095333415039,7.97521885533065
85,"OPINION_SI",89.9719809868221,96.1876384633243
85,"OPINION_NO",1.4586515770161,1.7759184146058
85,"NULOS",2.17500077008435,8.44417048549831
85,"PART",7.10392447475605,7.77711791674067
86,"OPINION_SI",92.0680377985289,97.2738087342401
86,"OPINION_NO",1.38178699890396,1.58824423505401
86,"NULOS",1.21995240671801,6.45611170922578
86,"PART",7.028237076219,7.6916333082985
87,"OPINION_SI",88.2818906762042,95.0467320508058
87,"OPINION_NO",1.37970265690945,1.73389381137932
87,"NULOS",3.37463034802588,10.2445610841284
87,"PART",7.2319467237999,7.95493826903203
88,"OPINION_SI",97.3392011830547,97.932378947055
88,"OPINION_NO",1.44430751689554,1.83970148977461
88,"NULOS",0.571280890102921,0.955054598745224
88,"PART",6.92128885130515,7.39800477144644
89,"OPINION_SI",91.1567130271816,96.9123797292715
89,"OPINION_NO",1.41665313722102,1.61649677136407
89,"NULOS",1.52757870314886,7.34810243477307
89,"PART",7.06064522556644,7.75715657346619
90,"OPINION_SI",92.0784081793951,97.0342938833394
90,"OPINION_NO",1.3291127150786,1.52781643730836
90,"NULOS",1.5094712986643,6.51621190075485
90,"PART",7.27344609557027,7.99633655315036
91,"OPINION_SI",90.6653963712878,96.3927588886613
91,"OPINION_NO",1.48467410024165,1.83107473198652
91,"NULOS",1.91776432158647,7.74491350974858
91,"PART",7.02586822965385,7.6963484441792
92,"OPINION_SI",87.7108637712744,94.7142909252846
92,"OPINION_NO",1.3514025856494,1.60399981915067
92,"NULOS",3.77694809342173,10.8656741082294
92,"PART",7.25495377831145,7.97564488112991
93,"OPINION_SI",90.1699959744921,96.3573972312623
93,"OPINION_NO",1.34089729307073,1.54085021347876
93,"NULOS",2.15202394048787,8.4428776008891
93,"PART",7.14351447818574,7.84536345584697
94,"OPINION_SI",84.0960912063062,92.8792220351701
94,"OPINION_NO",1.29880849984221,1.52139634186461
94,"NULOS",5.65015157456685,14.5333652777579
94,"PART",7.25149468976154,8.14368202221641
95,"OPINION_SI",89.905326197865,96.3815710537104
95,"OPINION_NO",1.4175621134876,1.67621647315845
95,"NULOS",2.05474706669525,8.59831030498973
95,"PART",7.17726508041736,7.87001475219724
96,"OPINION_SI",86.0041181095419,93.6005886855663
96,"OPINION_NO",1.27220975376305,1.4715886358095
96,"NULOS",4.97483808535324,12.6753796212492
96,"PART",7.36370472469853,8.15643474492695
97,"OPINION_SI",89.0896577797201,95.6131238689837
97,"OPINION_NO",1.36680340066521,1.78739160755955
97,"NULOS",2.83408714042481,9.36413440639152
97,"PART",7.12841194394268,7.79131313195129
98,"OPINION_SI",90.3358872598117,96.8532844371906
98,"OPINION_NO",1.29165716733694,1.51811869150407
98,"NULOS",1.73598715496704,8.30345126875358
98,"PART",7.20454222193906,7.94718894299094
99,"OPINION_SI",85.6050233434877,93.4011612854735
99,"OPINION_NO",1.36119662003632,1.57954898587664
99,"NULOS",5.05725727125161,12.996777634771
99,"PART",7.31271199240796,8.10597481806497
100,"OPINION_SI",88.652557291845,95.7126898452966
100,"OPINION_NO",1.31426724619709,1.51739970449716
100,"NULOS",2.83692418105187,9.99202976678687
100,"PART",7.1922624718353,7.94790996078654
101,"OPINION_SI",92.0572477611995,97.0995450848488
101,"OPINION_NO",1.35971960780087,1.55886852851915
101,"NULOS",1.45173300800024,6.52376708564496
101,"PART",7.026920575192,7.67188984308378
102,"OPINION_SI",91.6428572870349,97.1043846849277
102,"OPINION_NO",1.53103663081509,1.92004762281232
102,"NULOS",1.15524258033922,6.70542666457827
102,"PART",6.94190353176177,7.58462666758069
103,"OPINION_SI",88.3879239809254,95.2164133735515
103,"OPINION_NO",1.35625742077952,1.71432956674227
103,"NULOS",3.17166488479637,10.1933082168263
103,"PART",7.27739868775559,8.01384871834346
104,"OPINION_SI",91.5168390693263,96.7088167641346
104,"OPINION_NO",1.39781959726393,1.59430406546351
104,"NULOS",1.80410858197145,7.0291552400607
104,"PART",7.02822126280985,7.61833248657408
105,"OPINION_SI",91.2566833975816,96.7910440848491
105,"OPINION_NO",1.35861404014915,1.54334942124916
105,"NULOS",1.73961962763326,7.34968897513719
105,"PART",7.135856242915,7.79846994085178
106,"OPINION_SI",88.5195973336154,95.5832904163476
106,"OPINION_NO",1.41905495988799,1.8168929640351
106,"NULOS",2.79932683684195,9.97725573267704
106,"PART",6.9892132657514,7.69605325947062
107,"OPINION_SI",88.2251263367377,95.2618820438223
107,"OPINION_NO",1.34115231637534,1.55683296708125
107,"NULOS",3.24681950083639,10.3934006502417
107,"PART",7.32125604217114,8.08222289188796
108,"OPINION_SI",85.5464896364616,93.6952089764994
108,"OPINION_NO",1.31459624983912,1.59436908970498
108,"NULOS",4.77392298993666,13.0758586127963
108,"PART",7.36369109421584,8.18891272927964
109,"OPINION_SI",88.4090600971615,95.0548098943698
109,"OPINION_NO",1.36139753909234,1.83327973579936
109,"NULOS",3.39640204808814,10.020937266241
109,"PART",7.34006217574943,8.10145523120258
110,"OPINION_SI",90.4550875537219,96.7270324967201
110,"OPINION_NO",1.28899599876309,1.49506633320899
110,"NULOS",1.87764684696339,8.21767856394418
110,"PART",7.1934241970876,7.92268050715375
111,"OPINION_SI",87.5711820192037,94.7890656101078
111,"OPINION_NO",1.38062279351011,1.615272447063
111,"NULOS",3.66036293533453,10.9859037053946
111,"PART",7.17467093467549,7.94695177617157
112,"OPINION_SI",86.3425217348067,94.0169193997065
112,"OPINION_NO",1.35986068406762,1.60670811588333
112,"NULOS",4.44847655671326,12.2252881275129
112,"PART",7.46446330099225,8.30765471735397
113,"OPINION_SI",87.9368685035264,94.9222103936883
113,"OPINION_NO",1.37977126986377,1.59854204482763
113,"NULOS",3.53617950143303,10.5817767313644
113,"PART",7.13440777930018,7.87357352429835
114,"OPINION_SI",90.266475186039,96.2150714194462
114,"OPINION_NO",1.47755382083022,1.72834260616193
114,"NULOS",2.15924665078771,8.23845951457155
114,"PART",7.01492027685475,7.68515553318525
115,"OPINION_SI",89.5753254723038,95.7251554690735
115,"OPINION_NO",1.349641055422,1.54891471241068
115,"NULOS",2.78996637103037,9.02413756301407
115,"PART",7.08565623838202,7.74971293283952
116,"OPINION_SI",91.2285592386108,96.6583795594699
116,"OPINION_NO",1.52042337832096,2.05771865646781
116,"NULOS",1.62157642377968,7.0542414832525
116,"PART",7.07766535141836,7.74476914240043
117,"OPINION_SI",93.0363931212505,97.4461815276773
117,"OPINION_NO",1.42439241449335,1.65080252876159
117,"NULOS",1.00724231474972,5.43942161041722
117,"PART",6.92601875804228,7.48063094813683
118,"OPINION_SI",88.6687395083621,95.8023440079258
118,"OPINION_NO",1.35291995121288,1.56364492628159
118,"NULOS",2.67765211841196,9.89151851601362
118,"PART",7.06048595924593,7.7992343612188
119,"OPINION_SI",91.7488645501176,96.8604569114746
119,"OPINION_NO",1.38302064600755,1.72007239635925
119,"NULOS",1.56257038285783,6.76307749086655
119,"PART",7.08872115885922,7.69297335252135
120,"OPINION_SI",89.6028505188205,95.8519514408005
120,"OPINION_NO",1.36409264935909,1.59031170412105
120,"NULOS",2.6143465533408,8.98653200710814
120,"PART",7.17128660366964,7.86640392356323
121,"OPINION_SI",88.7568681378223,95.5182313016806
121,"OPINION_NO",1.3252193839371,1.54501638291502
121,"NULOS",3.07128390018684,9.87439356142666
121,"PART",7.24516349898834,7.9809744184981
122,"OPINION_SI",90.8658464437582,96.7913790666717
122,"OPINION_NO",1.31020884239222,1.52113828422455
122,"NULOS",1.71814167028002,7.71936576449155
122,"PART",7.04703142868005,7.71514902523404
123,"OPINION_SI",92.6159574769222,97.0500642718222
123,"OPINION_NO",1.47824817044405,1.81422068717099
123,"NULOS",1.28433060516656,5.84119207552417
123,"PART",7.14871548546173,7.71720929976187
124,"OPINION_SI",95.3192637010888,97.8121591830617
124,"OPINION_NO",1.49868624637891,1.67729003633179
124,"NULOS",0.627315694943825,3.13259611150852
124,"PART",6.85489588441282,7.30036870442169
125,"OPINION_SI",91.5692940802118,96.93936990305
125,"OPINION_NO",1.38783251747541,1.64548845149997
125,"NULOS",1.52386290088881,6.97662315570989
125,"PART",7.0226729352912,7.66710852678079
126,"OPINION_SI",90.1378342960101,96.5383610095951
126,"OPINION_NO",1.43436890930664,1.65054649130164
126,"NULOS",1.83504299779934,8.36917282232904
126,"PART",7.1980962062029,7.96028270427122
127,"OPINION_SI",90.2714142412161,96.335985043625
127,"OPINION_NO",1.44285185363401,1.82548208182657
127,"NULOS",2.01343067201744,8.21715078684723
127,"PART",7.10374810130405,7.76881189335353
128,"OPINION_SI",94.8108412762942,97.8217770860481
128,"OPINION_NO",1.42644903209032,1.75875596558017
128,"NULOS",0.652101719537481,3.67290944369502
128,"PART",6.85237789293786,7.40012841672161
129,"OPINION_SI",88.2769719429129,95.3678360065649
129,"OPINION_NO",1.36258721176665,1.59344809956681
129,"NULOS",3.07933294366857,10.3023759615335
129,"PART",7.18133150635582,7.8905000957345
130,"OPINION_SI",88.2342524582361,94.82201202794
130,"OPINION_NO",1.34606049445213,1.59934345029688
130,"NULOS",3.62645820574002,10.3284414855628
130,"PART",7.22709793325793,8.00208228545715
131,"OPINION_SI",91.816843286263,97.3285320941575
131,"OPINION_NO",1.40369485261352,1.61760224853102
131,"NULOS",1.16741245473686,6.63610858258925
131,"PART",6.92711212079425,7.54517609665703
132,"OPINION_SI",89.7376095754539,96.3510391238824
132,"OPINION_NO",1.3386354917639,1.60942895532879
132,"NULOS",2.14950673364497,8.88140260740645
132,"PART",7.08540090360216,7.81977009190597
133,"OPINION_SI",90.3130835993003,96.4134134059908
133,"OPINION_NO",1.31165861292657,1.50008752407919
133,"NULOS",2.13896164691298,8.31713767274578
133,"PART",7.12160785606395,7.78050911300878
134,"OPINION_SI",90.5098810645005,96.9148797828882
134,"OPINION_NO",1.43910007376508,1.83014980747812
134,"NULOS",1.45648868243626,7.96379625248694
134,"PART",7.09101181037173,7.85435581638444
135,"OPINION_SI",87.612385147031,94.6379991329577
135,"OPINION_NO",1.3708899413337,1.62099937486795
135,"NULOS",3.79477189748,10.9322268481017
135,"PART",7.28353822905051,8.03419569676682
136,"OPINION_SI",87.819810345727,94.9171574893006
136,"OPINION_NO",1.3298531125828,1.52969224600235
136,"NULOS",3.62028950143477,10.8080308501086
136,"PART",7.30363264363628,8.08966558333528
137,"OPINION_SI",95.0848612350376,97.7546297458917
137,"OPINION_NO",1.46091780332875,1.77098816418864
137,"NULOS",0.688790986685081,3.37793706781492
137,"PART",6.91303890566987,7.50120905566536
138,"OPINION_SI",84.6045098198746,92.6237775065099
138,"OPINION_NO",1.43798546222312,1.83929285231945
138,"NULOS",5.68328348114914,13.8717051594727
138,"PART",7.26538760977017,8.09013448404888
139,"OPINION_SI",89.3506837415181,95.9757930065248
139,"OPINION_NO",1.36830313022396,1.64875926474502
139,"NULOS",2.48842149000624,9.16811655383437
139,"PART",7.28997477958173,8.0653595543413
140,"OPINION_SI",88.9595320200328,95.8534071940696
140,"OPINION_NO",1.33965700695917,1.56802329496015
140,"NULOS",2.61828309428136,9.62479974559628
140,"PART",7.28162443528321,8.01496974280314
141,"OPINION_SI",93.8487974747453,97.7965155373238
141,"OPINION_NO",1.410143923236,1.60623712217822
141,"NULOS",0.683904083257111,4.67267559058812
141,"PART",6.85994883245965,7.37311776154504
142,"OPINION_SI",89.2236977695296,96.2995339242769
142,"OPINION_NO",1.38013314450554,1.60601697143964
142,"NULOS",2.18070700723718,9.37131949443705
142,"PART",7.06474325382628,7.78614610617936
143,"OPINION_SI",89.6939343372832,96.4355871290059
143,"OPINION_NO",1.43384163114336,1.63840154479026
143,"NULOS",1.98882794906976,8.83373528340164
143,"PART",7.05079788877567,7.73707603310601
144,"OPINION_SI",90.7215009413997,96.7751948106827
144,"OPINION_NO",1.4633027126684,1.9189699102443
144,"NULOS",1.51247247375608,7.66142641484411
144,"PART",7.05313581175362,7.67777146089504
145,"OPINION_SI",93.4440113958738,97.3808753253107
145,"OPINION_NO",1.48435064176027,1.7014199590842
145,"NULOS",1.03034000092951,5.0161750979332
145,"PART",6.97175675700885,7.51467008558551
146,"OPINION_SI",92.3170144551157,97.008661842062
146,"OPINION_NO",1.41017553284336,1.69252600786611
146,"NULOS",1.43906115465133,6.24956870688663
146,"PART",7.1206601792124,7.78598320028175
147,"OPINION_SI",91.0589364829697,96.4140138443214
147,"OPINION_NO",1.38352411498016,1.60659061863578
147,"NULOS",2.05227627373649,7.51472087177848
147,"PART",7.13172685557735,7.74859289523029
148,"OPINION_SI",92.2160087863328,96.8551191431512
148,"OPINION_NO",1.46154325204565,1.67099968592739
148,"NULOS",1.5617204910065,6.23804301415088
148,"PART",7.04911221150437,7.61856070475169
149,"OPINION_SI",88.2554069433734,95.2769106919497
149,"OPINION_NO",1.39030411929304,1.73598365775388
149,"NULOS",3.08870669367945,10.2605507221209
149,"PART",7.20757869499491,7.92957238967476
150,"OPINION_SI",91.1556423028359,96.9598007715698
150,"OPINION_NO",1.34474620517476,1.54138329234658
150,"NULOS",1.57577484953428,7.40347612589127
150,"PART",7.09858472357589,7.76136700420161
151,"OPINION_SI",92.0814037670954,96.9914607346009
151,"OPINION_NO",1.44726716749834,1.73456397084092
151,"NULOS",1.38734208082582,6.38833013750353
151,"PART",7.09414220255545,7.64666330613965
152,"OPINION_SI",89.4176119183476,96.0153319113445
152,"OPINION_NO",1.29413775649882,1.50274913152307
152,"NULOS",2.5696875157166,9.26362641886586
152,"PART",7.12718084104019,7.8041356892894
153,"OPINION_SI",92.2003105807589,97.0123078784523
153,"OPINION_NO",1.4020838046754,1.83712224921875
153,"NULOS",1.36207003673199,6.23140137323671
153,"PART",7.21899845480597,7.87722973960187
154,"OPINION_SI",88.223388393902,95.3616694403279
154,"OPINION_NO",1.32145091662488,1.52254799023618
154,"NULOS",3.16946727918186,10.4075854974536
154,"PART",7.12492881796081,7.78413204196953
155,"OPINION_SI",89.8473065447014,96.0697553342582
155,"OPINION_NO",1.38706167576246,1.69318919631482
155,"NULOS",2.36970614822782,8.61088034480714
155,"PART",7.18092035001025,7.83089870636915
156,"OPINION_SI",89.1914713362619,95.7034383425039
156,"OPINION_NO",1.35227790205141,1.58077200865142
156,"NULOS",2.78968157635625,9.36084175928285
156,"PART",7.06042648122075,7.70938242907828
157,"OPINION_SI",90.7132637231468,96.3920265486359
157,"OPINION_NO",1.42191625617033,1.62703202282191
157,"NULOS",2.03047542165606,7.86340789366436
157,"PART",7.11658567854016,7.71525010759684
158,"OPINION_SI",92.5494248592623,97.369822067017
158,"OPINION_NO",1.43703115449154,1.73007883538456
158,"NULOS",1.04118230070343,5.8647586731566
158,"PART",6.99051683134954,7.5713347323851
159,"OPINION_SI",92.6278987094116,97.4138930445958
159,"OPINION_NO",1.44091164701366,1.64029219179006
159,"NULOS",0.99408963941339,5.85440611100545
159,"PART",7.23699201794962,7.92488376310394
160,"OPINION_SI",87.7236956410033,94.8362706399309
160,"OPINION_NO",1.34234316805376,1.57606590194156
160,"NULOS",3.65885286392073,10.8683329871596
160,"PART",7.41483829482147,8.23299648444914
161,"OPINION_SI",92.0374626145088,96.7704667817363
161,"OPINION_NO",1.38996325595964,1.61010478096747
161,"NULOS",1.7288594787255,6.53845856480347
161,"PART",7.15421297846061,7.73220414508181
162,"OPINION_SI",90.4025954807305,95.8962234634237
162,"OPINION_NO",1.5006821398742,2.02881414449174
162,"NULOS",2.38944225837469,7.9641691836592
162,"PART",7.28194225723166,7.88250376272357
163,"OPINION_SI",90.6662535837371,96.7456584245753
163,"OPINION_NO",1.40841987343808,1.69693604997634
163,"NULOS",1.7039184747607,7.82779562864759
163,"PART",6.99400486167694,7.66576806775639
164,"OPINION_SI",92.7311810738004,97.229354850767
164,"OPINION_NO",1.43772779433955,1.67759665371829
164,"NULOS",1.22975866092211,5.83346063404062
164,"PART",6.89801276045966,7.46138072609493
165,"OPINION_SI",89.4860471885925,95.4822768525817
165,"OPINION_NO",1.38445421012356,1.63223058690609
165,"NULOS",3.00170578743969,9.03970559032854
165,"PART",7.18677751925989,7.86174475854288
166,"OPINION_SI",87.6319005475454,94.7905042770426
166,"OPINION_NO",1.34488874311945,1.56164828699287
166,"NULOS",3.69151623635383,11.0039416150583
166,"PART",7.26036622757629,8.03598700902372
167,"OPINION_SI",91.308697465828,96.7095650597783
167,"OPINION_NO",1.34568704444201,1.56014015840306
167,"NULOS",1.79204408050062,7.34608664165963
167,"PART",7.13945993277943,7.82936142310328
168,"OPINION_SI",86.7913509366614,94.324511759815
168,"OPINION_NO",1.35181574747783,1.57841705235208
168,"NULOS",4.15985741959477,11.7922796747658
168,"PART",7.11285932763144,7.85681582922322
169,"OPINION_SI",91.1657566043255,96.9342619876726
169,"OPINION_NO",1.2929655296921,1.50277131693195
169,"NULOS",1.6351413398632,7.50808647174102
169,"PART",7.28752142986071,8.0263124566516
170,"OPINION_SI",97.5655255004567,97.8622928623543
170,"OPINION_NO",1.52839259042217,1.75402365651781
170,"NULOS",0.581794983385983,0.716310259388146
170,"PART",6.85906680432286,7.28343309521446
171,"OPINION_SI",90.6119731119653,96.8317642477961
171,"OPINION_NO",1.40834399174576,1.59999153764189
171,"NULOS",1.65354508557386,8.02484863858455
171,"PART",7.22976901130964,7.86321631259691
172,"OPINION_SI",89.1355952485927,95.7546879050009
172,"OPINION_NO",1.34242966874737,1.57546421545235
172,"NULOS",2.74970580237414,9.43613273822661
172,"PART",7.11549835395426,7.82597383873179
173,"OPINION_SI",90.2728513629434,96.1662473418086
173,"OPINION_NO",1.45071947152182,1.80531103408169
173,"NULOS",2.19460718230103,8.25106363959147
173,"PART",7.10652917597987,7.75667353280283
174,"OPINION_SI",90.3992387195505,96.3239440597781
174,"OPINION_NO",1.53447268471537,1.98558093261037
174,"NULOS",1.93743507624653,7.94095899632582
174,"PART",7.11594838657502,7.81034583207432
175,"OPINION_SI",91.2663953341959,97.0108985278601
175,"OPINION_NO",1.35611581189931,1.57055014148336
175,"NULOS",1.52043549673888,7.31925807372381
175,"PART",7.0394251503039,7.74255258784737
176,"OPINION_SI",90.1934883456161,96.4216975028019
176,"OPINION_NO",1.36907616848881,1.5842820940126
176,"NULOS",2.05637702926598,8.35037780190636
176,"PART",7.15227304427715,7.86926993814147
177,"OPINION_SI",86.3824600564646,94.3666893725611
177,"OPINION_NO",1.26108278635284,1.46501815272176
177,"NULOS",4.25282464820399,12.3157828544262
177,"PART",7.4715755051156,8.37881342200369
178,"OPINION_SI",95.1414152941997,97.811492337414
178,"OPINION_NO",1.47773065619405,1.70230608788545
178,"NULOS",0.62745052977177,3.26416704249828
178,"PART",6.93680040768747,7.46483922849879
179,"OPINION_SI",93.3484835468694,97.5156463415486
179,"OPINION_NO",1.38388697215363,1.56173234231639
179,"NULOS",1.01142497913453,5.26207263203162
179,"PART",7.00870314030638,7.52795541355291
180,"OPINION_SI",93.2192087543936,97.487815891802
180,"OPINION_NO",1.40578246197712,1.60834525904294
180,"NULOS",0.969443996574099,5.30692699331041
180,"PART",7.05994509145337,7.61377471869737
181,"OPINION_SI",92.5181319403575,97.355747695685
181,"OPINION_NO",1.40738557300685,1.60365892978255
181,"NULOS",1.11828403756865,6.03664512645215
181,"PART",6.97028330525866,7.56282571386655
182,"OPINION_SI",93.8090225388163,97.7525614189036
182,"OPINION_NO",1.37078268110037,1.56842475350994
182,"NULOS",0.745299596010444,4.75710810837573
182,"PART",6.99714564017496,7.51991452792255
183,"OPINION_SI",92.348228324445,97.2110556102983
183,"OPINION_NO",1.41061711786015,1.66933963130717
183,"NULOS",1.20351848297144,6.18958636427923
183,"PART",7.13468958630738,7.75252971098354
184,"OPINION_SI",93.1155948546106,97.7661061376503
184,"OPINION_NO",1.37247301404501,1.63348072040032
184,"NULOS",0.734814499207569,5.470595885227
184,"PART",6.90918129363805,7.57573721260993
185,"OPINION_SI",88.259945201475,95.764013519621
185,"OPINION_NO",1.38009077514183,1.58685672177977
185,"NULOS",2.71088088986572,10.3099407112387
185,"PART",7.06862220017411,7.7991691714328
186,"OPINION_SI",87.7438418273473,95.446525695249
186,"OPINION_NO",1.35860622658838,1.58779579044505
186,"NULOS",3.04970912579706,10.8870512582775
186,"PART",7.30303080249625,8.09567994546823
187,"OPINION_SI",89.9784293423527,96.2804188748694
187,"OPINION_NO",1.43264923862887,1.71808430838205
187,"NULOS",2.13042222703614,8.47831766238676
187,"PART",7.26083887307918,7.94459592101489
188,"OPINION_SI",89.9286608219881,96.247457428727
188,"OPINION_NO",1.3606919091568,1.62967415456769
188,"NULOS",2.18904064436607,8.69010332267558
188,"PART",7.1422543944941,7.80575092209192
189,"OPINION_SI",91.9132264614359,97.0275193679677
189,"OPINION_NO",1.44306534727914,1.65533520483727
189,"NULOS",1.40564202049295,6.56476359358464
189,"PART",6.89124956479274,7.43628233046418
190,"OPINION_SI",90.3818343792992,96.1077227704583
190,"OPINION_NO",1.33739166775911,1.55024802309678
190,"NULOS",2.39624823255538,8.20212050494662
190,"PART",7.09439906665464,7.7992992401923
191,"OPINION_SI",89.8982236846087,96.2471190984524
191,"OPINION_NO",1.4105931348432,1.6273357419892
191,"NULOS",2.19983996666737,8.61977321526808
191,"PART",7.08669097719072,7.74858787126753
192,"OPINION_SI",92.956276195153,97.3867823054025
192,"OPINION_NO",1.43722102616647,1.70168694606053
192,"NULOS",1.04940497220349,5.59578304850895
192,"PART",7.01558539421246,7.66255227007128
193,"OPINION_SI",91.0614432746857,96.848668980255
193,"OPINION_NO",1.37572190112832,1.62073540420423
193,"NULOS",1.62920209049444,7.53382749198253
193,"PART",7.15580440202157,7.79741622275504
194,"OPINION_SI",90.9735259129848,96.9333248297314
194,"OPINION_NO",1.37036587504452,1.58699136284082
194,"NULOS",1.54057240855934,7.59277915025223
194,"PART",6.98163016147535,7.66207847058816
195,"OPINION_SI",89.8132011845891,95.7804197267677
195,"OPINION_NO",1.29819877690155,1.5189016726035
195,"NULOS",2.75587659731462,8.80869728810948
195,"PART",7.27810787166554,8.06203877602024
196,"OPINION_SI",88.2786172631932,95.3550506086705
196,"OPINION_NO",1.3469110285153,1.67463930909104
196,"NULOS",3.14162135155663,10.2917183581995
196,"PART",7.18255855005548,7.9172956149903
197,"OPINION_SI",95.7847618595588,98.0092149309587
197,"OPINION_NO",1.3823969916771,1.57342946062784
197,"NULOS",0.531953521460204,2.7477263434731
197,"PART",6.97290615572923,7.48778911439225
198,"OPINION_SI",88.5700726789205,95.1764438287341
198,"OPINION_NO",1.3437531196785,1.58063714275957
198,"NULOS",3.30493770340641,10.0627283712815
198,"PART",7.23304843714982,8.0104810210448
199,"OPINION_SI",91.9226614933822,97.4086161813626
199,"OPINION_NO",1.38330400129697,1.73700091691207
199,"NULOS",1.01331494750698,6.58369573875245
199,"PART",7.30744232929857,8.00861570247356
200,"OPINION_SI",91.1501796604918,96.7989577315003
200,"OPINION_NO",1.40802818513038,1.6174838448612
200,"NULOS",1.68488083198721,7.33564390155718
200,"PART",6.95918155391182,7.55567763480439
